"","vacc","irr_1","lci_1","uci_1","irr_2","lci_2","uci_2"
"1","AstraZeneca",0.853750030096262,0.743617501231304,0.980193597760209,0.260941145986653,0.201912020117625,0.337227479716963
"2","Moderna",0.396827965977182,0.30938055023725,0.508992677338084,0.221304122081878,0.154235710347451,0.317536803507452
"3","Pfizer",0.515997186962556,0.470865213794573,0.565455015900646,0.334725260251264,0.297247981675174,0.376927706014542
